{"cameraMode":{"drawMode":0,"name":"Shaded","section":"Shading Mode"},"sceneLighting":true,"audioPlay":false,"sceneViewState":{"showFog":true,"showMaterialUpdate":false,"showSkybox":true,"showFlares":true,"showImageEffects":true,"showParticleSystems":true},"in2DMode":false,"pivot":{"x":1.3119300603866578,"y":-1.1810166835784913,"z":-6.009943008422852},"rotation":{"x":-0.02409927174448967,"y":-0.9740667343139648,"z":0.18663543462753297,"w":-0.12575431168079377},"size":12.649818420410157,"orthographic":false}